<?xml version="1.0" encoding="UTF-8"?>
<jcr:root xmlns:jcr="http://www.jcp.org/jcr/1.0" xmlns:nt="http://www.jcp.org/jcr/nt/1.0" xmlns:granite="http://www.adobe.com/jcr/granite/1.0" xmlns:cq="http://www.day.com/jcr/cq/1.0" xmlns:sling="http://sling.apache.org/jcr/sling/1.0"
    jcr:primaryType="nt:unstructured"
    jcr:title="Brand Spotlight Properties"
    sling:resourceType="cq/gui/components/authoring/dialog"
    extraClientlibs="[authoring.showhide,multicondition]">
    <content
        jcr:primaryType="nt:unstructured"
        sling:resourceType="granite/ui/components/coral/foundation/tabs">
        <items jcr:primaryType="nt:unstructured">
            <tab-designs
                jcr:primaryType="nt:unstructured"
                jcr:title="Designs"
                sling:resourceType="granite/ui/components/coral/foundation/container">
                <items jcr:primaryType="nt:unstructured">
                    <zone
                        jcr:primaryType="nt:unstructured"
                        sling:resourceType="granite/ui/components/foundation/include"
                        path="/apps/footlocker-inc/components/content/heroes-band/cq:dialog/content/items/tab-general/items/zone"/>
                </items>
            </tab-designs>
            <tab-analytics
                jcr:primaryType="nt:unstructured"
                jcr:title="Analytics"
                sling:resourceType="granite/ui/components/coral/foundation/container">
                <items jcr:primaryType="nt:unstructured">
                    <businessinsights
                        jcr:primaryType="nt:unstructured"
                        sling:resourceType="granite/ui/components/foundation/include"
                        path="/apps/footlocker-inc/components/content/business-insights-band/cq:dialog/content/items/tab-general"/>
                </items>
            </tab-analytics>
            <mobile
                jcr:primaryType="nt:unstructured"
                jcr:title="Mobile View"
                sling:resourceType="granite/ui/components/coral/foundation/container">
                <items jcr:primaryType="nt:unstructured">
                    <mobilecontainer
                        jcr:primaryType="nt:unstructured"
                        jcr:title="Mobile"
                        sling:resourceType="granite/ui/components/coral/foundation/container">
                        <items jcr:primaryType="nt:unstructured">
                            <fieldset
                                jcr:primaryType="nt:unstructured"
                                jcr:title="Mobile"
                                sling:resourceType="granite/ui/components/coral/foundation/form/fieldset">
                                <items jcr:primaryType="nt:unstructured">
                                    <column
                                        jcr:primaryType="nt:unstructured"
                                        sling:resourceType="granite/ui/components/coral/foundation/container">
                                        <items jcr:primaryType="nt:unstructured">
                                            <marginTop
                                                jcr:primaryType="nt:unstructured"
                                                sling:resourceType="granite/ui/components/coral/foundation/form/checkbox"
                                                fieldDescription="Margin Top"
                                                name="./mobileMarginTop"
                                                text="Add/Remove Margin Top"
                                                uncheckedValue="{Boolean}false"
                                                value="{Boolean}true"/>
                                            <marginBottom
                                                jcr:primaryType="nt:unstructured"
                                                sling:resourceType="granite/ui/components/coral/foundation/form/checkbox"
                                                fieldDescription="Margin Bottom"
                                                name="./mobileMarginBottom"
                                                text="Add/Remove Margin Bottom"
                                                uncheckedValue="{Boolean}false"
                                                value="{Boolean}true"/>
                                            <adobeDynamicMedia
                                                jcr:primaryType="nt:unstructured"
                                                sling:resourceType="granite/ui/components/coral/foundation/form/select"
                                                fieldDescription="Select the type from dropdown list"
                                                fieldLabel="Adobe Dynamic Media"
                                                name="./mobileMediaType">
                                                <items jcr:primaryType="nt:unstructured">
                                                    <standard
                                                        jcr:primaryType="nt:unstructured"
                                                        text="Standard"
                                                        value="standard"/>
                                                    <dynamic
                                                        jcr:primaryType="nt:unstructured"
                                                        text="Dynamic"
                                                        value="dynamic"/>
                                                </items>
                                            </adobeDynamicMedia>
                                            <layout
                                                granite:class="cq-dialog-dropdown-showhide-multi"
                                                jcr:primaryType="nt:unstructured"
                                                sling:resourceType="granite/ui/components/coral/foundation/form/select"
                                                fieldDescription="Select the type from dropdown list"
                                                fieldLabel="Layout"
                                                name="./mobileLayout">
                                                <items jcr:primaryType="nt:unstructured">
                                                    <single
                                                        jcr:primaryType="nt:unstructured"
                                                        text="Single"
                                                        value="single"/>
                                                    <multi
                                                        jcr:primaryType="nt:unstructured"
                                                        text="Multi"
                                                        value="multi"/>
                                                </items>
                                                <granite:data
                                                    jcr:primaryType="nt:unstructured"
                                                    cq-dialog-dropdown-showhide-target=".dropDown-showhide-target-text"/>
                                            </layout>
                                            <stylecontainer
                                                granite:class="hide dropDown-showhide-target-text"
                                                jcr:primaryType="nt:unstructured"
                                                sling:resourceType="granite/ui/components/coral/foundation/container">
                                                <items jcr:primaryType="nt:unstructured">
                                                    <style
                                                        jcr:primaryType="nt:unstructured"
                                                        sling:resourceType="granite/ui/components/coral/foundation/form/select"
                                                        fieldDescription="Select the type from dropdown list"
                                                        fieldLabel="Style"
                                                        name="./mobileStyle">
                                                        <items jcr:primaryType="nt:unstructured">
                                                            <categories
                                                                jcr:primaryType="nt:unstructured"
                                                                text="Categories"
                                                                value="categories"/>
                                                            <products
                                                                jcr:primaryType="nt:unstructured"
                                                                text="Products"
                                                                value="products"/>
                                                        </items>
                                                    </style>
                                                </items>
                                                <granite:data
                                                    jcr:primaryType="nt:unstructured"
                                                    showhidetargetvalue="multi"/>
                                            </stylecontainer>
                                            <shadowColor
                                                jcr:primaryType="nt:unstructured"
                                                sling:resourceType="granite/ui/components/coral/foundation/form/select"
                                                fieldDescription="Select the type from dropdown list"
                                                fieldLabel="Shadow Color"
                                                name="./mobileShadowColor">
                                                <items jcr:primaryType="nt:unstructured">
                                                    <footLockerBlack
                                                        jcr:primaryType="nt:unstructured"
                                                        text="footLockerBlack"
                                                        value="#0E1111"/>
                                                    <footLockerWhite
                                                        jcr:primaryType="nt:unstructured"
                                                        text="footLockerWhite"
                                                        value="#FFFFFF"/>
                                                    <cortezCrimson
                                                        jcr:primaryType="nt:unstructured"
                                                        text="cortezCrimson"
                                                        value="#8D2234"/>
                                                    <speedcatRed
                                                        jcr:primaryType="nt:unstructured"
                                                        text="speedcatRed"
                                                        value="#D12E20"/>
                                                    <sambaBlue
                                                        jcr:primaryType="nt:unstructured"
                                                        text="sambaBlue"
                                                        value="#25678F"/>
                                                    <spezialBlue
                                                        jcr:primaryType="nt:unstructured"
                                                        text="spezialBlue"
                                                        value="#5B8CAA"/>
                                                    <allStarOrange
                                                        jcr:primaryType="nt:unstructured"
                                                        text="allStarOrange"
                                                        value="#D56B2F"/>
                                                    <dunkTangerine
                                                        jcr:primaryType="nt:unstructured"
                                                        text="dunkTangerine"
                                                        value="#EE8C3B"/>
                                                    <airmaxGreen
                                                        jcr:primaryType="nt:unstructured"
                                                        text="airmaxGreen"
                                                        value="#047836"/>
                                                    <gazelleGreen
                                                        jcr:primaryType="nt:unstructured"
                                                        text="gazelleGreen"
                                                        value="#54A375"/>
                                                    <eastbayGold
                                                        jcr:primaryType="nt:unstructured"
                                                        text="eastbayGold"
                                                        value="#EBB609"/>
                                                    <shoxYellow
                                                        jcr:primaryType="nt:unstructured"
                                                        text="shoxYellow"
                                                        value="#F8C656"/>
                                                    <jordanPurple
                                                        jcr:primaryType="nt:unstructured"
                                                        text="jordanPurple"
                                                        value="#62419E"/>
                                                    <grapeFiveViolet
                                                        jcr:primaryType="nt:unstructured"
                                                        text="grapeFiveViolet"
                                                        value="#7B55C2"/>
                                                    <sabrinaPink
                                                        jcr:primaryType="nt:unstructured"
                                                        text="sabrinaPink"
                                                        value="#E723B9"/>
                                                    <campusPink
                                                        jcr:primaryType="nt:unstructured"
                                                        text="campusPink"
                                                        value="#F08CD2"/>
                                                    <flxElectricMagenta
                                                        jcr:primaryType="nt:unstructured"
                                                        text="flxElectricMagenta"
                                                        value="#FF00FF"/>
                                                </items>
                                            </shadowColor>
                                            <header
                                                jcr:primaryType="nt:unstructured"
                                                sling:resourceType="granite/ui/components/coral/foundation/form/textfield"
                                                fieldLabel="Header"
                                                name="./mobileHeader"/>
                                            <subHeader
                                                jcr:primaryType="nt:unstructured"
                                                sling:resourceType="granite/ui/components/coral/foundation/form/textfield"
                                                fieldLabel="Sub Heading"
                                                name="./mobileSubHeading"/>
                                            <editorialImageUrl
                                                jcr:primaryType="nt:unstructured"
                                                sling:resourceType="granite/ui/components/coral/foundation/form/textfield"
                                                fieldLabel="Editorial Image Url"
                                                name="./mobileEditorialImageUrl"/>
                                            <alt
                                                jcr:primaryType="nt:unstructured"
                                                sling:resourceType="granite/ui/components/coral/foundation/form/textfield"
                                                fieldLabel="Alt"
                                                name="./mobileAlt"/>
                                            <links
                                                jcr:primaryType="nt:unstructured"
                                                sling:resourceType="granite/ui/components/coral/foundation/form/multifield"
                                                composite="{Boolean}true"
                                                fieldDescription="Click + to add a new CTA">
                                                <field
                                                    jcr:primaryType="nt:unstructured"
                                                    sling:resourceType="granite/ui/components/coral/foundation/container"
                                                    name="./mobileCtas">
                                                    <items jcr:primaryType="nt:unstructured">
                                                        <link
                                                            jcr:primaryType="nt:unstructured"
                                                            jcr:title="General"
                                                            sling:resourceType="granite/ui/components/coral/foundation/container">
                                                            <items jcr:primaryType="nt:unstructured">
                                                                <fieldset
                                                                    jcr:primaryType="nt:unstructured"
                                                                    jcr:title="Call To Action"
                                                                    sling:resourceType="granite/ui/components/coral/foundation/form/fieldset">
                                                                    <items jcr:primaryType="nt:unstructured">
                                                                        <column
                                                                            jcr:primaryType="nt:unstructured"
                                                                            sling:resourceType="granite/ui/components/coral/foundation/container">
                                                                            <items jcr:primaryType="nt:unstructured">
                                                                                <url
                                                                                    jcr:primaryType="nt:unstructured"
                                                                                    sling:resourceType="granite/ui/components/coral/foundation/form/pathbrowser"
                                                                                    fieldLabel="Url"
                                                                                    name="./mobileCtaLink"/>
                                                                                <text
                                                                                    jcr:primaryType="nt:unstructured"
                                                                                    sling:resourceType="granite/ui/components/coral/foundation/form/textfield"
                                                                                    fieldLabel="CTA Text"
                                                                                    name="./mobileCtaText"
                                                                                    required="true"/>
                                                                                <contextContent
                                                                                    jcr:primaryType="nt:unstructured"
                                                                                    sling:resourceType="granite/ui/components/coral/foundation/form/textfield"
                                                                                    fieldLabel="Context Content"
                                                                                    name="./mobileContextContent"/>
                                                                                <contextType
                                                                                    jcr:primaryType="nt:unstructured"
                                                                                    sling:resourceType="granite/ui/components/coral/foundation/form/textfield"
                                                                                    fieldLabel="Context Type"
                                                                                    name="./mobileContextType"/>
                                                                            </items>
                                                                        </column>
                                                                    </items>
                                                                </fieldset>
                                                            </items>
                                                        </link>
                                                    </items>
                                                </field>
                                            </links>
                                            <adobeId
                                                jcr:primaryType="nt:unstructured"
                                                sling:resourceType="granite/ui/components/coral/foundation/form/textfield"
                                                fieldLabel="Adobe Id"
                                                name="./mobileAdobeId"/>
                                            <productCardLayout
                                                granite:class="cq-dialog-dropdown-showhide-multi"
                                                jcr:primaryType="nt:unstructured"
                                                sling:resourceType="granite/ui/components/coral/foundation/form/select"
                                                fieldDescription="Select the type from dropdown list"
                                                fieldLabel="Product Card Layout"
                                                name="./productCardLayout">
                                                <items jcr:primaryType="nt:unstructured">
                                                    <stacked
                                                        jcr:primaryType="nt:unstructured"
                                                        text="Stacked"
                                                        value="stacked"/>
                                                    <scrollable
                                                        jcr:primaryType="nt:unstructured"
                                                        text="Scrollable"
                                                        value="scrollable"/>
                                                </items>
                                                <granite:data
                                                    jcr:primaryType="nt:unstructured"
                                                    cq-dialog-dropdown-showhide-target=".dropDown-showhide-target-text"/>
                                            </productCardLayout>
                                            <listsingle
                                                granite:class="hide dropDown-showhide-target-text"
                                                jcr:primaryType="nt:unstructured"
                                                sling:resourceType="granite/ui/components/coral/foundation/container">
                                                <items jcr:primaryType="nt:unstructured">
                                                    <assetType
                                                        jcr:primaryType="nt:unstructured"
                                                        sling:resourceType="granite/ui/components/coral/foundation/form/select"
                                                        fieldDescription="Select the type from dropdown list"
                                                        fieldLabel="Asset Type"
                                                        name="./mobileAssetType">
                                                        <items jcr:primaryType="nt:unstructured">
                                                            <image
                                                                jcr:primaryType="nt:unstructured"
                                                                text="Image"
                                                                value="image"/>
                                                            <video
                                                                jcr:primaryType="nt:unstructured"
                                                                text="Video"
                                                                value="video"/>
                                                        </items>
                                                    </assetType>
                                                    <assetUrl
                                                        jcr:primaryType="nt:unstructured"
                                                        sling:resourceType="granite/ui/components/coral/foundation/form/pathbrowser"
                                                        fieldLabel="Asset Url"
                                                        name="./mobileAssetUrl"
                                                        rootPath="/content/dam"/>
                                                    <heading
                                                        jcr:primaryType="nt:unstructured"
                                                        sling:resourceType="granite/ui/components/coral/foundation/form/textfield"
                                                        fieldLabel="Title"
                                                        name="./mobileHeading"/>
                                                    <alt
                                                        jcr:primaryType="nt:unstructured"
                                                        sling:resourceType="granite/ui/components/coral/foundation/form/textfield"
                                                        fieldLabel="Alt"
                                                        name="./mobileAlt"
                                                        required="true"/>
                                                    <url
                                                        jcr:primaryType="nt:unstructured"
                                                        sling:resourceType="granite/ui/components/coral/foundation/form/pathbrowser"
                                                        fieldLabel="Url"
                                                        name="./cardCtaLink"/>
                                                    <contextContent
                                                        jcr:primaryType="nt:unstructured"
                                                        sling:resourceType="granite/ui/components/coral/foundation/form/textfield"
                                                        fieldLabel="Context Content"
                                                        name="./contextContent"/>
                                                    <contextType
                                                        jcr:primaryType="nt:unstructured"
                                                        sling:resourceType="granite/ui/components/coral/foundation/form/textfield"
                                                        fieldLabel="Context Type"
                                                        name="./contextType"/>
                                                </items>
                                                <granite:data
                                                    jcr:primaryType="nt:unstructured"
                                                    showhidetargetvalue="single"/>
                                            </listsingle>
                                            <listmulti
                                                granite:class="hide dropDown-showhide-target-text"
                                                jcr:primaryType="nt:unstructured"
                                                sling:resourceType="granite/ui/components/coral/foundation/container">
                                                <items jcr:primaryType="nt:unstructured">
                                                    <list
                                                        granite:class="multifield-validation"
                                                        jcr:primaryType="nt:unstructured"
                                                        sling:resourceType="granite/ui/components/coral/foundation/form/multifield"
                                                        composite="{Boolean}true"
                                                        fieldLabel="Cards">
                                                        <field
                                                            jcr:primaryType="nt:unstructured"
                                                            sling:resourceType="granite/ui/components/coral/foundation/container"
                                                            name="./mobileCards">
                                                            <items jcr:primaryType="nt:unstructured">
                                                                <assets
                                                                    jcr:primaryType="nt:unstructured"
                                                                    jcr:title="Assets"
                                                                    sling:resourceType="granite/ui/components/coral/foundation/form/fieldset">
                                                                    <items jcr:primaryType="nt:unstructured">
                                                                        <assetType
                                                                            jcr:primaryType="nt:unstructured"
                                                                            sling:resourceType="granite/ui/components/coral/foundation/form/select"
                                                                            fieldDescription="Select the type from dropdown list"
                                                                            fieldLabel="Asset Type"
                                                                            name="./mobileAssetType">
                                                                            <items jcr:primaryType="nt:unstructured">
                                                                                <image
                                                                                    jcr:primaryType="nt:unstructured"
                                                                                    text="Image"
                                                                                    value="image"/>
                                                                                <video
                                                                                    jcr:primaryType="nt:unstructured"
                                                                                    text="Video"
                                                                                    value="video"/>
                                                                            </items>
                                                                        </assetType>
                                                                        <assetUrl
                                                                            jcr:primaryType="nt:unstructured"
                                                                            sling:resourceType="granite/ui/components/coral/foundation/form/pathbrowser"
                                                                            fieldLabel="Asset Url"
                                                                            name="./mobileAssetUrl"
                                                                            rootPath="/content/dam"/>
                                                                        <heading
                                                                            jcr:primaryType="nt:unstructured"
                                                                            sling:resourceType="granite/ui/components/coral/foundation/form/textfield"
                                                                            fieldLabel="Title"
                                                                            name="./mobileHeading"/>
                                                                        <alt
                                                                            jcr:primaryType="nt:unstructured"
                                                                            sling:resourceType="granite/ui/components/coral/foundation/form/textfield"
                                                                            fieldLabel="Alt"
                                                                            name="./mobileAlt"
                                                                            required="true"/>
                                                                        <url
                                                                            jcr:primaryType="nt:unstructured"
                                                                            sling:resourceType="granite/ui/components/coral/foundation/form/pathbrowser"
                                                                            fieldLabel="Url"
                                                                            name="./cardCtaLink"/>
                                                                        <contextContent
                                                                            jcr:primaryType="nt:unstructured"
                                                                            sling:resourceType="granite/ui/components/coral/foundation/form/textfield"
                                                                            fieldLabel="Context Content"
                                                                            name="./contextContent"/>
                                                                        <contextType
                                                                            jcr:primaryType="nt:unstructured"
                                                                            sling:resourceType="granite/ui/components/coral/foundation/form/textfield"
                                                                            fieldLabel="Context Type"
                                                                            name="./contextType"/>
                                                                    </items>
                                                                </assets>
                                                            </items>
                                                        </field>
                                                    </list>
                                                </items>
                                                <granite:data
                                                    jcr:primaryType="nt:unstructured"
                                                    showhidetargetvalue="multi"/>
                                            </listmulti>
                                        </items>
                                    </column>
                                </items>
                            </fieldset>
                        </items>
                    </mobilecontainer>
                </items>
            </mobile>
            <desktop
                jcr:primaryType="nt:unstructured"
                jcr:title="Desktop View"
                sling:resourceType="granite/ui/components/coral/foundation/container">
                <items jcr:primaryType="nt:unstructured">
                    <desktopcontainer
                        jcr:primaryType="nt:unstructured"
                        jcr:title="Desktop"
                        sling:resourceType="granite/ui/components/coral/foundation/container">
                        <items jcr:primaryType="nt:unstructured">
                            <fieldset
                                jcr:primaryType="nt:unstructured"
                                jcr:title="Desktop"
                                sling:resourceType="granite/ui/components/coral/foundation/form/fieldset">
                                <items jcr:primaryType="nt:unstructured">
                                    <column
                                        jcr:primaryType="nt:unstructured"
                                        sling:resourceType="granite/ui/components/coral/foundation/container">
                                        <items jcr:primaryType="nt:unstructured">
                                            <marginTop
                                                jcr:primaryType="nt:unstructured"
                                                sling:resourceType="granite/ui/components/coral/foundation/form/checkbox"
                                                fieldDescription="Margin Top"
                                                name="./desktopMarginTop"
                                                text="Add/Remove Margin Top"
                                                uncheckedValue="{Boolean}false"
                                                value="{Boolean}true"/>
                                            <marginBottom
                                                jcr:primaryType="nt:unstructured"
                                                sling:resourceType="granite/ui/components/coral/foundation/form/checkbox"
                                                fieldDescription="Margin Bottom"
                                                name="./desktopMarginBottom"
                                                text="Add/Remove Margin Bottom"
                                                uncheckedValue="{Boolean}false"
                                                value="{Boolean}true"/>
                                            <adobeDynamicMedia
                                                granite:class="cq-dialog-dropdown-showhide-multi"
                                                jcr:primaryType="nt:unstructured"
                                                sling:resourceType="granite/ui/components/coral/foundation/form/select"
                                                fieldDescription="Select the type from dropdown list"
                                                fieldLabel="Adobe Dynamic Media"
                                                name="./desktopMediaType">
                                                <items jcr:primaryType="nt:unstructured">
                                                    <standard
                                                        jcr:primaryType="nt:unstructured"
                                                        text="Standard"
                                                        value="standard"/>
                                                    <dynamic
                                                        jcr:primaryType="nt:unstructured"
                                                        text="Dynamic"
                                                        value="dynamic"/>
                                                </items>
                                                <granite:data
                                                    jcr:primaryType="nt:unstructured"
                                                    cq-dialog-dropdown-showhide-target=".dropDown-showhide-target-media"/>
                                            </adobeDynamicMedia>
                                            <editorialcontainerstatic
                                                granite:class="hide dropDown-showhide-target-media"
                                                jcr:primaryType="nt:unstructured"
                                                sling:resourceType="granite/ui/components/coral/foundation/container">
                                                <items jcr:primaryType="nt:unstructured">
                                                    <editorialImageUrl
                                                        jcr:primaryType="nt:unstructured"
                                                        sling:resourceType="granite/ui/components/coral/foundation/form/textfield"
                                                        fieldLabel="Editorial Image URL"
                                                        name="./desktopEditorialImageUrl"/>
                                                </items>
                                                <granite:data
                                                    jcr:primaryType="nt:unstructured"
                                                    showhidetargetvalue="standard"/>
                                            </editorialcontainerstatic>
                                            <editorialcontainer
                                                granite:class="hide dropDown-showhide-target-media"
                                                jcr:primaryType="nt:unstructured"
                                                sling:resourceType="granite/ui/components/coral/foundation/container">
                                                <items jcr:primaryType="nt:unstructured">
                                                    <editorialImageUrl
                                                        jcr:primaryType="nt:unstructured"
                                                        sling:resourceType="granite/ui/components/coral/foundation/form/textfield"
                                                        fieldLabel="Editorial Image Dynamic Media Asset Name"
                                                        name="./desktopEditorialImageUrl"/>
                                                </items>
                                                <granite:data
                                                    jcr:primaryType="nt:unstructured"
                                                    showhidetargetvalue="dynamic"/>
                                            </editorialcontainer>
                                            <layout
                                                granite:class="cq-dialog-dropdown-showhide-multi"
                                                jcr:primaryType="nt:unstructured"
                                                sling:resourceType="granite/ui/components/coral/foundation/form/select"
                                                fieldDescription="Select the type from dropdown list"
                                                fieldLabel="Layout"
                                                name="./desktopLayout">
                                                <items jcr:primaryType="nt:unstructured">
                                                    <single
                                                        jcr:primaryType="nt:unstructured"
                                                        text="Single"
                                                        value="single"/>
                                                    <multi
                                                        jcr:primaryType="nt:unstructured"
                                                        text="Multi"
                                                        value="multi"/>
                                                </items>
                                                <granite:data
                                                    jcr:primaryType="nt:unstructured"
                                                    cq-dialog-dropdown-showhide-target=".dropDown-showhide-target-text"/>
                                            </layout>
                                            <stylecontainer
                                                granite:class="hide dropDown-showhide-target-text"
                                                jcr:primaryType="nt:unstructured"
                                                sling:resourceType="granite/ui/components/coral/foundation/container">
                                                <items jcr:primaryType="nt:unstructured">
                                                    <style
                                                        jcr:primaryType="nt:unstructured"
                                                        sling:resourceType="granite/ui/components/coral/foundation/form/select"
                                                        fieldDescription="Select the type from dropdown list"
                                                        fieldLabel="Style"
                                                        name="./desktopStyle">
                                                        <items jcr:primaryType="nt:unstructured">
                                                            <categories
                                                                jcr:primaryType="nt:unstructured"
                                                                text="Categories"
                                                                value="categories"/>
                                                            <products
                                                                jcr:primaryType="nt:unstructured"
                                                                text="Products"
                                                                value="products"/>
                                                        </items>
                                                    </style>
                                                </items>
                                                <granite:data
                                                    jcr:primaryType="nt:unstructured"
                                                    showhidetargetvalue="multi"/>
                                            </stylecontainer>
                                            <shadowColor
                                                jcr:primaryType="nt:unstructured"
                                                sling:resourceType="granite/ui/components/coral/foundation/form/select"
                                                fieldDescription="Select the type from dropdown list"
                                                fieldLabel="Shadow Color"
                                                name="./desktopShadowColor">
                                                <items jcr:primaryType="nt:unstructured">
                                                    <footLockerBlack
                                                        jcr:primaryType="nt:unstructured"
                                                        text="footLockerBlack"
                                                        value="#0E1111"/>
                                                    <footLockerWhite
                                                        jcr:primaryType="nt:unstructured"
                                                        text="footLockerWhite"
                                                        value="#FFFFFF"/>
                                                    <cortezCrimson
                                                        jcr:primaryType="nt:unstructured"
                                                        text="cortezCrimson"
                                                        value="#8D2234"/>
                                                    <speedcatRed
                                                        jcr:primaryType="nt:unstructured"
                                                        text="speedcatRed"
                                                        value="#D12E20"/>
                                                    <sambaBlue
                                                        jcr:primaryType="nt:unstructured"
                                                        text="sambaBlue"
                                                        value="#25678F"/>
                                                    <spezialBlue
                                                        jcr:primaryType="nt:unstructured"
                                                        text="spezialBlue"
                                                        value="#5B8CAA"/>
                                                    <allStarOrange
                                                        jcr:primaryType="nt:unstructured"
                                                        text="allStarOrange"
                                                        value="#D56B2F"/>
                                                    <dunkTangerine
                                                        jcr:primaryType="nt:unstructured"
                                                        text="dunkTangerine"
                                                        value="#EE8C3B"/>
                                                    <airmaxGreen
                                                        jcr:primaryType="nt:unstructured"
                                                        text="airmaxGreen"
                                                        value="#047836"/>
                                                    <gazelleGreen
                                                        jcr:primaryType="nt:unstructured"
                                                        text="gazelleGreen"
                                                        value="#54A375"/>
                                                    <eastbayGold
                                                        jcr:primaryType="nt:unstructured"
                                                        text="eastbayGold"
                                                        value="#EBB609"/>
                                                    <shoxYellow
                                                        jcr:primaryType="nt:unstructured"
                                                        text="shoxYellow"
                                                        value="#F8C656"/>
                                                    <jordanPurple
                                                        jcr:primaryType="nt:unstructured"
                                                        text="jordanPurple"
                                                        value="#62419E"/>
                                                    <grapeFiveViolet
                                                        jcr:primaryType="nt:unstructured"
                                                        text="grapeFiveViolet"
                                                        value="#7B55C2"/>
                                                    <sabrinaPink
                                                        jcr:primaryType="nt:unstructured"
                                                        text="sabrinaPink"
                                                        value="#E723B9"/>
                                                    <campusPink
                                                        jcr:primaryType="nt:unstructured"
                                                        text="campusPink"
                                                        value="#F08CD2"/>
                                                    <flxElectricMagenta
                                                        jcr:primaryType="nt:unstructured"
                                                        text="flxElectricMagenta"
                                                        value="#FF00FF"/>
                                                </items>
                                            </shadowColor>
                                            <header
                                                jcr:primaryType="nt:unstructured"
                                                sling:resourceType="granite/ui/components/coral/foundation/form/textfield"
                                                fieldLabel="Header"
                                                name="./desktopHeader"/>
                                            <subHeader
                                                jcr:primaryType="nt:unstructured"
                                                sling:resourceType="granite/ui/components/coral/foundation/form/textfield"
                                                fieldLabel="Sub Heading"
                                                name="./desktopSubHeading"/>
                                            <alt
                                                jcr:primaryType="nt:unstructured"
                                                sling:resourceType="granite/ui/components/coral/foundation/form/textfield"
                                                fieldLabel="Alt"
                                                name="./desktopAlt"/>
                                            <links
                                                jcr:primaryType="nt:unstructured"
                                                sling:resourceType="granite/ui/components/coral/foundation/form/multifield"
                                                composite="{Boolean}true"
                                                fieldDescription="Click + to add a new CTA">
                                                <field
                                                    jcr:primaryType="nt:unstructured"
                                                    sling:resourceType="granite/ui/components/coral/foundation/container"
                                                    name="./desktopCtas">
                                                    <items jcr:primaryType="nt:unstructured">
                                                        <link
                                                            jcr:primaryType="nt:unstructured"
                                                            jcr:title="General"
                                                            sling:resourceType="granite/ui/components/coral/foundation/container">
                                                            <items jcr:primaryType="nt:unstructured">
                                                                <fieldset
                                                                    jcr:primaryType="nt:unstructured"
                                                                    jcr:title="Call To Action"
                                                                    sling:resourceType="granite/ui/components/coral/foundation/form/fieldset">
                                                                    <items jcr:primaryType="nt:unstructured">
                                                                        <column
                                                                            jcr:primaryType="nt:unstructured"
                                                                            sling:resourceType="granite/ui/components/coral/foundation/container">
                                                                            <items jcr:primaryType="nt:unstructured">
                                                                                <url
                                                                                    jcr:primaryType="nt:unstructured"
                                                                                    sling:resourceType="granite/ui/components/coral/foundation/form/pathbrowser"
                                                                                    fieldLabel="Url"
                                                                                    name="./mobileCtaLink"/>
                                                                                <text
                                                                                    jcr:primaryType="nt:unstructured"
                                                                                    sling:resourceType="granite/ui/components/coral/foundation/form/textfield"
                                                                                    fieldLabel="CTA Text"
                                                                                    name="./mobileCtaText"
                                                                                    required="true"/>
                                                                                <contextContent
                                                                                    jcr:primaryType="nt:unstructured"
                                                                                    sling:resourceType="granite/ui/components/coral/foundation/form/textfield"
                                                                                    fieldLabel="Context Content"
                                                                                    name="./mobileContextContent"/>
                                                                                <contextType
                                                                                    jcr:primaryType="nt:unstructured"
                                                                                    sling:resourceType="granite/ui/components/coral/foundation/form/textfield"
                                                                                    fieldLabel="Context Type"
                                                                                    name="./mobileContextType"/>
                                                                            </items>
                                                                        </column>
                                                                    </items>
                                                                </fieldset>
                                                            </items>
                                                        </link>
                                                    </items>
                                                </field>
                                            </links>
                                            <list
                                                granite:class="multifield-validation"
                                                jcr:primaryType="nt:unstructured"
                                                sling:resourceType="granite/ui/components/coral/foundation/form/multifield"
                                                composite="{Boolean}true"
                                                fieldLabel="Cards">
                                                <field
                                                    jcr:primaryType="nt:unstructured"
                                                    sling:resourceType="granite/ui/components/coral/foundation/container"
                                                    name="./desktopCards">
                                                    <items jcr:primaryType="nt:unstructured">
                                                        <assets
                                                            jcr:primaryType="nt:unstructured"
                                                            jcr:title="Assets"
                                                            sling:resourceType="granite/ui/components/coral/foundation/form/fieldset">
                                                            <items jcr:primaryType="nt:unstructured">
                                                                <assetType
                                                                    jcr:primaryType="nt:unstructured"
                                                                    sling:resourceType="granite/ui/components/coral/foundation/form/select"
                                                                    fieldDescription="Select the type from dropdown list"
                                                                    fieldLabel="Asset Type"
                                                                    name="./mobileAssetType">
                                                                    <items jcr:primaryType="nt:unstructured">
                                                                        <image
                                                                            jcr:primaryType="nt:unstructured"
                                                                            text="Image"
                                                                            value="image"/>
                                                                        <video
                                                                            jcr:primaryType="nt:unstructured"
                                                                            text="Video"
                                                                            value="video"/>
                                                                    </items>
                                                                </assetType>
                                                                <assetUrl
                                                                    jcr:primaryType="nt:unstructured"
                                                                    sling:resourceType="granite/ui/components/coral/foundation/form/pathbrowser"
                                                                    fieldLabel="Asset Url"
                                                                    name="./mobileAssetUrl"
                                                                    rootPath="/content/dam"/>
                                                                <heading
                                                                    jcr:primaryType="nt:unstructured"
                                                                    sling:resourceType="granite/ui/components/coral/foundation/form/textfield"
                                                                    fieldLabel="Title"
                                                                    name="./mobileHeading"/>
                                                                <alt
                                                                    jcr:primaryType="nt:unstructured"
                                                                    sling:resourceType="granite/ui/components/coral/foundation/form/textfield"
                                                                    fieldLabel="Alt"
                                                                    name="./mobileAlt"
                                                                    required="true"/>
                                                                <url
                                                                    jcr:primaryType="nt:unstructured"
                                                                    sling:resourceType="granite/ui/components/coral/foundation/form/pathbrowser"
                                                                    fieldLabel="Url"
                                                                    name="./cardCtaLink"/>
                                                                <contextContent
                                                                    jcr:primaryType="nt:unstructured"
                                                                    sling:resourceType="granite/ui/components/coral/foundation/form/textfield"
                                                                    fieldLabel="Context Content"
                                                                    name="./contextContent"/>
                                                                <contextType
                                                                    jcr:primaryType="nt:unstructured"
                                                                    sling:resourceType="granite/ui/components/coral/foundation/form/textfield"
                                                                    fieldLabel="Context Type"
                                                                    name="./contextType"/>
                                                            </items>
                                                        </assets>
                                                    </items>
                                                </field>
                                            </list>
                                            <adobeId
                                                jcr:primaryType="nt:unstructured"
                                                sling:resourceType="granite/ui/components/coral/foundation/form/textfield"
                                                fieldLabel="Adobe Id"
                                                name="./desktopAdobeId"/>
                                            <productCardLayout
                                                granite:class="cq-dialog-dropdown-showhide-multi"
                                                jcr:primaryType="nt:unstructured"
                                                sling:resourceType="granite/ui/components/coral/foundation/form/select"
                                                fieldDescription="Select the type from dropdown list"
                                                fieldLabel="Product Card Layout"
                                                name="./desktopProductCardLayout">
                                                <items jcr:primaryType="nt:unstructured">
                                                    <stacked
                                                        jcr:primaryType="nt:unstructured"
                                                        text="Stacked"
                                                        value="stacked"/>
                                                    <scrollable
                                                        jcr:primaryType="nt:unstructured"
                                                        text="Scrollable"
                                                        value="scrollable"/>
                                                </items>
                                                <granite:data
                                                    jcr:primaryType="nt:unstructured"
                                                    cq-dialog-dropdown-showhide-target=".dropDown-showhide-target-text"/>
                                            </productCardLayout>
                                        </items>
                                    </column>
                                </items>
                            </fieldset>
                        </items>
                    </desktopcontainer>
                </items>
            </desktop>
        </items>
    </content>
</jcr:root>
